freq,E-signal,E-noise,N-signal,N-noise,Z-signal,Z-noise
0.0,0.006032736800000002,0.0013796299000000001,0.0058332289000000035,0.003927605400000001,0.000878582799999999,5.3151200000000136e-05
0.08347245409015025,0.003034463426555801,0.0004599438306942414,0.0028708585499443054,0.00015698426726297197,0.0010342502400976085,5.0704310745594195e-05
0.1669449081803005,0.0074797811547681016,0.0003062731294128249,0.004814440817680953,0.00011475367950152188,0.0017563388594276231,0.0002467998081069328
0.25041736227045075,0.006951706226051423,0.00015905887779202728,0.0012821805810613216,0.00024528920797365126,0.0007913348469096434,0.00021895079616940838
0.333889816360601,0.023300631715002487,0.00024579769777192717,0.013023655964174874,0.00026309423547623287,0.002681893379557126,0.0001467878841253955
0.41736227045075125,0.021246033909631912,0.00021655364326485666,0.0017928469435137746,0.0002311784165846701,0.0021791077440950902,0.00027474415241662636
0.5008347245409015,0.05595033781284456,0.0002868241616538974,0.021668048309941068,0.0001449668677026715,0.0014114781153886622,0.00023472264598953759
0.5843071786310517,0.0397973544367397,0.0003633175132672874,0.03222612080339652,0.0001608792298957698,0.005660946227931916,0.000413438016234974
0.667779632721202,0.02869628270961602,0.0004430477322000466,0.045315839797291896,0.000466488042082784,0.011783066663816497,0.00010121680310052352
0.7512520868113522,0.052482707560207606,8.814684831866e-05,0.021375476853613306,0.0002581688533028155,0.02142923251364867,0.0002503443193463424
0.8347245409015025,0.08495381078764157,0.0003035135343065753,0.03511508976459993,0.0004073585824089879,0.005893560518701117,0.00015107695108903865
0.9181969949916527,0.04877440997756268,0.000132801013904037,0.06618712083553671,7.32261037713193e-05,0.004723725144995333,0.00017272597968891337
1.001669449081803,0.025273653956300452,0.0002871398160519271,0.05452596810196978,0.00015748049103338967,0.02418934689511533,0.00010630598962839511
1.0851419031719534,0.028442026292093383,0.00015937084766044757,0.056874701663395894,0.00017719882002408357,0.024936894916658063,0.0005086329925787751
1.1686143572621035,0.050947624726514235,0.00018682027861635243,0.07249172294631098,0.00010408526906469659,0.0029856071001442314,0.00011276979841265685
1.2520868113522536,0.054572683214189066,0.0002901621544111416,0.034052766666774856,4.79115272151589e-05,0.03904001115058601,0.00026995453764773567
1.335559265442404,0.02930319836127199,0.00022605816808088074,0.06545329072391941,0.00032372017569785194,0.050257430344120495,0.00032942943669146576
1.4190317195325544,0.06160114324341882,8.886523998744278e-05,0.07524119252349015,0.00015351052173578865,0.051070512392477,0.0004498422488074944
1.5025041736227045,0.04122372029654538,0.00010097152708794044,0.051180290884480575,0.00014073399503799718,0.0303252466316316,0.00043069973172679563
1.5859766277128546,0.05008410603642692,0.00028261982745685945,0.030855977643271654,0.00022686199148188837,0.022621658925011934,0.00011401108222628243
1.669449081803005,0.036750281719998876,8.85769781063787e-05,0.05304747036494855,0.00024641026160694674,0.0037297558388129136,0.0001299370391370462
1.7529215358931554,0.0799711071636888,0.00021591319136323746,0.055350932064088205,3.615083991362761e-05,0.02045076039290034,0.0002458148520365284
1.8363939899833055,0.050358291738466385,0.00012987441819217843,0.03524160737972223,0.00047615344005753424,0.03294130114839514,0.0004252635956220107
1.9198664440734556,0.052102190358217115,0.00013034630973489717,0.012943722036121192,0.00033570884412538346,0.023958297576444076,0.000568204964919794
2.003338898163606,0.03946209027183631,0.0006914047145070551,0.03787091885570864,0.0004872821952114389,0.005283652126956021,0.0005098820291487851
2.0868113522537564,0.056725415503670114,0.0005137429211927205,0.015205615028061087,0.00010039300870131072,0.04916090090582012,0.00010274357569196583
2.1702838063439067,0.03432983501851943,0.00020879429094233164,0.00596728924597649,0.00023340590178373377,0.010938737079306416,0.00020353728546575124
2.2537562604340566,0.02405806298067709,0.0006182548557872732,0.004131606709991797,0.0006895674574515757,0.014105886969355249,0.0001315951725018535
2.337228714524207,0.010442003609015336,0.00023080092215483998,0.0197821972320894,0.0003361977665200775,0.005734820925981556,0.00020059715291397253
2.4207011686143574,0.013388193722370592,0.00012851483143161183,0.023305068623232863,0.00032065439915212246,0.0059880023489531885,0.00033277562964261246
2.5041736227045073,0.02187982727454445,0.0002505200131168044,0.008092621298986913,0.0006056043898559774,0.014877074558392496,0.0001318026274863042
2.5876460767946576,0.011515088911473821,0.0005039547013684703,0.03455117172897327,0.0003708311101667259,0.015843231934331382,9.903023419218647e-05
2.671118530884808,0.026710060325089477,0.00034257207000078156,0.0077516009577334654,0.0004956046979259188,0.007433755901877746,9.142044758429202e-05
2.7545909849749584,0.03971519444177404,0.00025006405344051854,0.019826137474888924,2.6596057474989585e-05,0.006521499462569414,3.689716775917072e-05
2.8380634390651087,0.007436295692972209,0.00026748980599604035,0.005866664150976854,0.00013609796293390645,0.015788383641246566,0.0005792604530623954
2.9215358931552586,0.014989731873874151,9.902975436269073e-05,0.02520647360420731,0.00015546117251573243,0.013011879940556373,0.0001872877718248897
3.005008347245409,0.013668585108088833,0.00031968199620464947,0.01412765728204548,0.000501134385101057,0.026590195190861775,0.00010871311245048955
3.0884808013355594,0.024320075909885466,0.0008565059742401754,0.009162290153932658,0.00048062909163157846,0.009068960771535626,0.00016200033114475876
3.1719532554257093,0.005665039483663371,0.0005424578417357156,0.002315129876209212,0.0001583622722216632,0.027263092793301746,0.0002542080595672361
3.2554257095158596,0.015610742035832717,0.00027072197691705357,0.004920547717931998,0.0005551868007347637,0.004294968073837934,9.392965662011097e-05
3.33889816360601,0.02318925859058921,0.00017813379018235295,0.013158450157628135,0.00027157345891050004,0.01134020125481577,0.0005388180741397444
3.4223706176961604,0.010624767384518587,0.0004757521567852907,0.0053891052598588965,0.0005363367009029602,0.007302557298446162,1.1746404051665321e-05
3.5058430717863107,0.015020326582222656,0.00030002477122449857,0.01719659018734559,0.0002286010886237153,0.014779882615592519,0.0003897737922369617
3.5893155258764606,0.01543318479841157,0.000686806069665189,0.014599153538566965,0.00012579064700257443,0.011587215479145792,0.00030041265937264997
3.672787979966611,0.010007212403605194,0.000548485425672655,0.020538495605130668,0.0009931982258992343,0.015793387199971472,0.0003995991378353632
3.7562604340567614,0.011966443179422413,0.00062275998689558,0.010569241522777757,0.0004967558359454266,0.009485871260429659,9.212995634063056e-05
3.8397328881469113,0.01375988685154629,0.0006730935995263214,0.011841228333959482,0.0008047135771829791,0.00955113292676286,0.00037542585501164095
3.9232053422370616,0.026930856918813317,0.0006385347477578766,0.005098712489812131,0.00031129092615673814,0.011213955480734727,0.0001958933063539451
4.006677796327212,0.007730524080835457,0.000899731457682444,0.0010554716644529723,0.000666809003338454,0.010049953019171979,0.0003381803158380712
4.090150250417362,0.00588369298257439,0.0003014976413555365,0.016944212120926446,0.0006690205241164403,0.007781041531142833,0.0004553928247903124
4.173622704507513,0.023690170866552937,0.0002021327104266284,0.013896474880697987,0.00046562541978639017,0.0010198264240729143,0.0003750242837992376
4.257095158597663,0.022283888622510805,0.0004707725288127646,0.007131231039069024,0.0005844993989843159,0.009137752085009651,0.00021622357681453223
4.340567612687813,0.020280787586254543,0.0007171510102235623,0.01762985771097742,5.800255723569832e-05,0.006383567486726452,0.0007493694954900047
4.424040066777963,0.003089430324630158,0.00020536738712390146,0.008130890305683161,0.0009000658740396455,0.008746665468040461,0.00041153137023124125
4.507512520868113,0.011489304133754942,0.000650363230580571,0.014114154115737578,0.0003315352138031886,0.006824031802498932,0.0007030562381990809
4.590984974958264,0.0020289074289465666,0.0007350252666582254,0.011414646373680393,0.00022655269578698134,0.005865284002979559,0.00033700930782181414
4.674457429048414,0.016938571715194025,0.0005996499636254379,0.024693049598207426,0.0003455247122352404,0.0060797740300930995,0.000852772147549421
4.757929883138564,0.003406306396903452,0.0010971279486072382,0.01630744107964293,0.0009738177031173601,0.010129895663773474,0.0001774022008562364
4.841402337228715,0.004551589131904183,0.0003352747885394634,0.011385336001175332,0.0004260065958605422,0.009161178761914857,0.00017984676077385496
4.924874791318865,0.010361837640414191,0.0011832355817129852,0.00870984485861739,0.00031346838006089293,0.001113980004285436,0.0002644923844713504
5.0083472454090145,0.007907135687519166,0.0014594012800262868,0.0019471557396076877,0.0003425940758435621,0.002567414132335186,0.000549341791162904
5.091819699499165,0.016164559823989587,0.0017915044029657731,0.005203280424773366,0.0010298987118376078,0.004875677876684502,0.0007233161258079168
5.175292153589315,0.00440893174282532,0.0006150386382025063,0.005414303869000162,0.00013401093064047882,0.003238482786071002,0.0001270500288009323
5.258764607679466,0.0006420111985285152,0.0008822742469323221,0.00357877757108743,0.00030203477781900724,0.00463325059774246,0.0005380102068750721
5.342237061769616,0.0016893408676180693,0.0014938626845502382,0.0017914199854033716,0.0011582348842817166,0.007593750077553724,0.0007994066954518874
5.425709515859766,0.008508260740433307,0.0008989986511153195,0.007567061853340725,0.0005892107422836028,0.007344276213086936,0.0005230220268848101
5.509181969949917,0.003082172069089082,0.0007461175353306438,0.007203981741810972,0.0008274295885798732,0.0016601008099617538,0.00031516031066473416
5.592654424040067,0.002884416909509025,0.0010539411301237164,0.0068917167209563744,0.0007682199299153417,0.004594451028409834,0.0006058537676910054
5.676126878130217,0.00511898921576799,0.0009043435614480298,0.0016090732471569728,0.0007702063437522289,0.0016673753509344068,0.00023807763742088054
5.759599332220367,0.009753928161286805,0.0003334991643004175,0.0070746299854534825,0.00034841837822467036,0.0016167106539831354,0.00029494440502327127
5.843071786310517,0.007860802890445715,0.00017880249309632195,0.010889182375301214,0.0009346938995681822,0.003673869912023563,0.00016442613574519806
5.926544240400668,0.009244317634345281,0.00046557426689807787,0.005090271260132794,0.000545298504043573,0.0012906964740661791,0.0003605006349054952
6.010016694490818,0.002586496777422864,0.0013997137665362827,0.00540160283441361,0.0007428032067505206,0.005744368672324545,0.000416766192684919
6.093489148580968,0.0013096018574017916,0.000859419571824481,0.002373756703069117,0.0005660225792497381,0.0010553615272103363,0.00034432258152898283
6.176961602671119,0.003738546691128225,3.1618199051950705e-05,0.006639760058171892,0.0005630581952146592,0.00611088048919786,0.00023243384351935155
6.260434056761269,0.005008123256911446,0.0003506073432995336,0.0020758633722230205,0.00035724103972227175,0.00028307666607245907,0.0002797550659851105
6.3439065108514185,0.006267877212798051,0.0010215222298902069,0.005216018242235927,0.0018809163111862509,0.00234186992818711,0.0005040041776580372
6.427378964941569,0.006577608729465905,0.001513100338689615,0.0030940475012462294,0.0010368221517115367,0.0022464634891467125,0.0003920769009121034
6.510851419031719,0.0026996660354976438,0.0017960123301591564,0.010633917387927676,0.0007685691683578365,0.001611797221427555,0.000523829040464989
6.59432387312187,0.002646322595131089,0.0002852638846612449,0.004399149110649653,0.0005007692338372014,0.0020447673853315933,8.450417575139199e-05
6.67779632721202,0.0017835842075415939,0.000499843343886735,0.00396024171882378,0.0007918162203134266,0.0018851299560130807,8.478028515748104e-05
6.76126878130217,0.005500923083012279,0.0005289995728320638,0.006147366554966144,0.0014911476082573732,0.0010560017622224275,0.00034349494628899607
6.844741235392321,0.0020096255906286095,0.0007461730741282722,0.0003569793325446743,0.000604582618238859,0.002550383936591305,0.00038042606479959956
6.928213689482471,0.003643947202098003,0.0002835957166742086,0.0052559641546581146,0.0015608310950399563,0.0013333291027699274,0.00022709462710607473
7.011686143572621,0.004007927684567097,0.0008549238273745075,0.0019267720809174288,0.0002257273103361129,0.002506037529272295,0.0004685829196561416
7.095158597662771,0.004397831460119907,0.0014667647790894515,0.0017841480717894086,0.0003193961316194995,0.0027979051919648176,0.0006750653204322546
7.178631051752921,0.0015622637428264962,0.0027561073288695395,0.002258654111373026,0.0007811585939490034,0.005291242920175351,0.000699250138850565
7.262103505843072,0.004262584443707197,0.0007654533742609758,0.004135273056975175,0.0005495811332458061,0.0006732087383041969,0.0006462619766187071
7.345575959933222,0.003545900581885784,0.001592978336150973,0.0013708733358889639,0.0009011454923005038,0.002673992682117401,0.00041356025434911506
7.429048414023372,0.00196855395447953,0.0004309975318026154,0.004598928207674632,0.0012094340637401773,0.0022683051463146986,9.765737676905719e-05
7.512520868113523,0.00660469326411095,0.002495835179337112,0.002722394925159077,0.0008794105186624332,0.0010483517278144904,0.00014817935389960124
7.595993322203673,0.0032667970913532584,0.0020686779095393432,0.004099480776081609,9.607641072920437e-05,0.003690812165096194,0.0005171373448765757
7.6794657762938225,0.003411875872054636,0.0010252098060096074,0.0002013370163949812,0.0008248895420397432,0.005634755984547832,0.0007148280499998701
7.762938230383973,0.004137773458879432,0.0005271736116271708,0.0037041181940111597,0.0005865375481879479,0.0023642789667596177,0.0010064351723358686
7.846410684474123,0.0031391610903746875,0.0009283160672020141,0.0014136272466181146,0.0009258367540749471,0.000841598639572664,0.0003856143174884641
7.929883138564274,0.002309412037295818,0.0006992344088176081,0.0013247173538835858,0.0008064864362798676,0.0016294051475786249,0.00035362720943644103
8.013355592654424,0.0018676320587967762,0.000544467066789801,0.001353541513870922,0.0005529463992290701,0.0028422025735036567,0.0010237174227027495
8.096828046744575,0.0021224277354641523,0.0016582661477134298,0.0008877429980866632,0.0003938142680016103,0.0016496294666129454,0.0004787379247523245
8.180300500834724,0.00219518380531916,0.0007430861700717738,0.002165992755813107,0.0006036348297662848,0.0005934808649620692,0.00028697764321781343
8.263772954924875,0.0025724063103060254,0.0014972553644911277,0.0008430466671720918,0.0008349274351105952,0.0020238483851117164,0.000159659914749678
8.347245409015025,0.0001404558268018296,0.001979398503352301,0.004099313591265717,0.001383839321890735,0.0037375480560001735,0.0011066072185996088
8.430717863105174,0.0015445594667486298,0.0006599851547461369,0.0008037494446844883,0.0007900901672910294,0.001954501989176777,0.00038917425080175024
8.514190317195325,0.002074156196395234,6.24166681764011e-05,0.001779660238710118,0.0003698988950022677,0.0009298455135434153,0.0005399505996936068
8.597662771285476,0.0011004024039365922,0.00058114438796797,0.0010996079626527096,0.0007802725574788948,0.0010856635422969712,0.0009248109825863753
8.681135225375627,0.0011750942666612933,0.0011484513209146572,0.0006985668934165952,0.00020007179670551942,0.0023941901148716274,0.00038318961990730705
8.764607679465776,0.0023860404873603945,0.0022191795916138286,0.0015322022017102946,0.0016119490223394592,0.0020531349689875593,0.0011224753782890194
8.848080133555927,0.0004986627005285608,0.0011021518064949312,0.0021537984578441187,0.0013469200350629735,0.002253538697088108,0.0006156145825791506
8.931552587646078,0.00034457752842711304,0.0020947504884772346,0.0007763173946534188,0.0013877995691682192,0.0027704819454905565,0.0007075053202378314
9.015025041736227,0.0027397014362205807,0.0018354290702968024,0.0007856563390229958,0.0011035872004533233,0.0009030554388139107,0.0005599661828236299
9.098497495826377,0.0031430753230252744,0.0004076991662154153,0.000871971875996971,0.000355141629900994,0.001688938697176917,0.0003118293127417354
9.181969949916528,0.00019417188945615574,0.0019260037238133755,0.001237221218492294,0.00034814024574377357,0.0031078188346125267,0.00034675429132952426
9.265442404006677,0.005027467753315246,0.0017185066380166966,0.0034302474497074765,0.0005758933525470736,0.000983244762629915,0.0007367917419473144
9.348914858096828,0.0019364026563320855,0.001183919360144278,0.001906237069703937,0.000308656286248179,0.00040473198455329563,0.0004343606677860407
9.432387312186979,0.0031421149576370145,0.0015695560765478318,0.0010476977595825108,0.0002887209999341411,0.00039641943273217075,0.0004201222648349334
9.515859766277128,0.003192110434753811,0.0007153568367248517,0.003238859728009393,0.0015862243262448415,0.0012064934402785023,0.00021721826414028346
9.599332220367279,0.003010757285344527,0.000945706856081889,0.0025744240454264222,0.0011731596491876455,0.0009915099142641377,0.0005780903328644698
9.68280467445743,0.00023607082223973692,0.0010180993815686404,0.003355935562333113,0.001245055940153658,0.004258692601350241,0.000568599592937166
9.766277128547578,0.002501193447482225,0.0019140821095995925,0.0031494688849042886,0.0009349968221362353,0.002752889929473104,0.0001343398851938188
9.84974958263773,0.003015869501115729,0.001478671848616176,0.00297225471851037,0.0011758807912607997,0.002044890105817417,0.0003632412403600858
9.93322203672788,0.0025573222035757295,0.00019686388193151849,0.0016054532398551394,0.00022912931382164525,0.001962602098863261,0.0007697940214704462
10.016694490818029,0.0016303565566858661,0.002428500650470448,0.000109135065377109,0.0009365989588251449,0.0025458973291367765,0.00039542691783031234
10.10016694490818,0.0018616140899364955,0.0008041479721312059,0.000587247377556263,0.00033108602790393916,0.0016776870981682235,0.0007968454361386165
10.18363939899833,0.002019484636827233,0.0004516714546561366,0.0008217513229314897,0.0006047666067309625,0.00015221522132474172,0.0003786236544925314
10.267111853088482,0.002260273398878084,0.0006277528751667968,0.0012326044917712658,0.0006350973425903332,0.0010746101080885413,0.0008433287726156874
10.35058430717863,0.003435455879515508,0.0007076552675655248,0.0008833200212429298,0.0011516045630049815,0.002089027721969231,0.0010964622040478553
10.434056761268781,0.0010357625855976266,0.0019706386641854304,0.0023396255831953823,0.001044175452041379,0.00048512734974457013,0.0009962795755009241
10.517529215358932,0.002476621776219745,0.002606622457556248,0.0012735603462791442,0.0011060116221327844,0.0005830439434915681,0.00035522442506551497
10.601001669449081,0.00305846323158161,0.001074035026733345,0.0021911641564072858,0.00036548248761663233,0.0010359562902280551,0.00033811766031049766
10.684474123539232,0.001942304904217443,0.0014387738075889948,0.0014555886998191298,0.0009154833060494393,0.0009061135135939506,0.0007841821659513693
10.767946577629383,0.004930521008325881,0.0015989459760710652,0.001480868991277573,0.0015074880274240127,0.006568955152294985,0.0002914480854343359
10.851419031719532,0.0024273501350148435,0.002566781285484841,0.0023965185517779686,0.002219105804506646,0.0005606830196101862,0.0011612686591484403
10.934891485809683,0.0007155191613701223,0.0003310725351132496,0.0021311682542646056,0.0006552544152403675,0.002279520117125983,0.00042194764279574474
11.018363939899833,0.002642634866828114,0.0008568628753028494,0.0010006507487964702,0.001849301883775227,0.0011368237330720051,0.0006473159374680851
11.101836393989982,0.002819480603956894,0.0020470692362416954,0.0031978740390234787,0.001073223086077614,0.001952985743429208,0.0013531947316557506
11.185308848080133,0.0034217197545305745,0.0014287071556463888,0.0017424764210819627,0.0012021431331052863,0.0037590077154349873,0.0010859496628966197
11.268781302170284,0.004386750377041487,0.0019351534440976126,0.00027288981257677183,0.0002344261492221494,0.0025632753108478655,0.0004008310890474666
11.352253756260435,0.0027142426511155837,0.001379319200272278,0.0020285443422028092,0.0024444022156540845,0.0012036317473034129,0.0008089513194566695
11.435726210350584,0.0017569087338252577,0.0020082230871308867,0.0010434247676539697,0.0011048352137286496,0.0009822856045282077,0.0006235652367342149
11.519198664440735,0.0015060876051182152,0.0011643723370823049,0.0015381735879188183,0.001096978406117665,0.001849820312621653,0.00040310043747481797
11.602671118530886,0.002185131497363955,0.0008757072884400165,0.0013004277801699738,0.0005210939034619468,0.00015309946168893341,0.0005104730008751774
11.686143572621035,0.0006744763272836032,0.0019797639955475062,0.0010827970461779796,0.0005492032473456895,0.00040403136467189555,0.0009375093697468124
11.769616026711185,0.0013086880751357536,0.0007327710702652852,0.0030454760623782034,0.0015378345237455618,0.0005076596208069276,0.0004320969276580584
11.853088480801336,0.0018899818738478502,0.00020136070237614,0.0020877372321365683,0.0012746324008201914,0.0005162879072204818,0.0006413973661519163
11.936560934891485,0.0007601882258520932,0.0016660669848147097,0.0037141225315330175,0.00011938586433700156,0.0014480422346901177,0.0010162346452421277
12.020033388981636,0.0007945783648620376,0.000556129009640787,0.0012783126607106132,0.0013424037296176626,0.0011950420031730182,0.0008943347690784201
12.103505843071787,7.864049880942983e-05,0.0002523079342716302,0.0010081983039857366,0.0018697274239663712,0.0006519992390883397,0.0003190656573486611
12.186978297161936,0.0022692366869912755,0.001723586207810355,0.0015398194374255407,0.0008719013999491639,0.00042326860086212777,0.001223638114650613
12.270450751252087,0.0013669479503439484,0.002940719243952354,0.0005034687645701731,0.0008515461366398083,0.0018032590241090457,0.0009383116947403897
12.353923205342237,0.00046147703363030054,0.001691677952732015,0.0012770170584446917,0.000445109776577897,0.0008387037413872677,0.0005041541116258541
12.437395659432386,0.003108643354162201,0.002927129877203649,0.000885568125604658,0.001291467170978706,0.0013783503206615882,0.0004465469456442385
12.520868113522537,0.0010382868071392114,0.0021334558310484955,0.0015639612517535403,0.002157524497783101,0.00048608168438787154,0.0008315163073354631
12.604340567612688,0.0040301384969406145,0.00254222627069522,0.0021130777689841724,0.0003442972066832189,0.0013746987893969102,0.0006567958495234695
12.687813021702837,0.00442671439095024,0.0016666226066648603,0.001960873603962502,0.00023561002779888836,0.0010607733003338401,0.0008280489011578536
12.771285475792988,0.0014310922665686718,0.0022160582395128314,0.0013007050403157777,0.002689438161497258,0.0010842927524789769,0.0010629275899366247
12.854757929883139,0.004305024757031207,0.0011624883847388382,0.0008964750952316264,0.0007250488172667656,0.0013495658911055666,0.000287971055122859
12.93823038397329,0.0028590727662075256,0.0005722457776516004,0.0016377706894209205,0.0023404315776029516,0.0004009079775087758,0.0005399676532860463
13.021702838063439,0.0020738711328156683,0.0027181261110364274,0.002229155143423781,0.0005914240845147879,0.0008672512922189913,0.0015933531832835995
13.10517529215359,0.003569004213033763,0.0012484663940944348,0.0007886253151591705,0.0014253456433731182,0.001824202540127529,0.0015398174680808425
13.18864774624374,0.0027874689885152484,0.001413917913343263,0.001204888710205552,0.002326476776744269,0.0007732395827617659,0.0014304926996323954
13.27212020033389,0.004239673388650576,0.00016178586764380813,0.00019784007544338834,0.0012316573363524276,0.00022114520518001378,0.0013298581578890603
13.35559265442404,0.0019988516986962873,0.0014604339169881797,0.001839304522047423,0.00031923927022884274,0.0011621461205680143,0.0007952253323666616
13.43906510851419,0.003291516587602483,0.003174546108852065,0.0019763043957628994,0.0008100547162572894,0.0020511375078635205,0.0010737807892481452
13.52253756260434,0.004747206666456955,0.0031316220031644354,0.002494937969426624,0.000491279401834486,0.001039295399010401,0.0006391400713569974
13.60601001669449,0.005224441391230087,0.0005270548390799958,0.0033968332150399907,0.0011940142169918444,0.001749241765607464,0.0005843424054787625
13.689482470784641,0.005661604047559406,0.0022551548315948096,0.001980514024863549,0.001379474051467976,0.0015751542980011078,0.0007907428723507139
13.77295492487479,0.00888242604846843,0.0007700510407368949,0.0035504000503570805,0.002155643890752696,0.0030086567309900443,0.0014065636706148388
13.856427378964941,0.005737051908366313,0.003152562325366452,0.00260368157596133,0.0005651591055547376,0.002416682123650226,0.0004821489094449986
13.939899833055092,0.004150763685205177,0.0022510378652716894,0.002723953780867566,0.0014150371112302469,0.0018651337599154578,0.0011212242544905088
14.023372287145243,0.005127618390049672,0.0016398630753915685,0.002740391505199335,0.00034908086491514535,0.002109025052811463,0.0009628259945821133
14.106844741235392,0.0066235788520917285,0.0015176206441566396,0.0024600785175780213,0.001975170597587088,0.0026886261225067625,0.0006915792631598691
14.190317195325543,0.0026223364292661307,0.0005898240196059765,0.0013475567207591988,0.0010228326805047305,0.001711464108119615,0.0017356464946164346
14.273789649415694,0.0037668351759463895,0.0023869437428990954,0.004197003092225058,0.0016530219816075832,0.003594198308409362,0.0020336346274577887
14.357262103505843,0.0026218209218144477,0.0009151198803301251,0.0012892713508537912,0.0016026490472874837,0.0019884013429025847,0.0005126077676428353
14.440734557595993,0.0034456532167480825,0.0026930170895605966,0.0022179923218010387,0.0021921487862638896,0.002206973010011868,0.0017856841454044878
14.524207011686144,0.003298363476308832,0.0025767803398457708,0.0021197538901036204,0.0007071956298622911,0.0024210254122631167,0.0007991506828821187
14.607679465776293,0.0005116442924182207,0.0007803363079917671,0.0006242255861483738,0.0025923323503122615,0.00025830707778987816,0.001551569745532869
14.691151919866444,0.0027182692379907497,0.0028843566983536325,0.003061407490601999,0.0005520690354068276,0.0017188943096927613,0.001865186152394882
14.774624373956595,0.0032624975273542705,0.001598986143110311,0.0020784238745715613,0.0022087392375063396,0.00248073507928414,0.0018157730027313977
14.858096828046744,0.003051028491401292,0.0009736997364589083,0.001613518061168378,0.0008984967421924939,0.001578593865115607,0.00022985714235822393
14.941569282136895,0.002208088862213672,0.00024792249303806955,0.00254824331365374,0.001113089960027234,0.0014629114666976052,0.0008020528560177736
15.025041736227045,0.0022661276536118315,0.002716605275118457,0.0015937226245516841,0.0014727776337020435,0.0022734293304802105,0.0014981680718571097
15.108514190317194,0.00407381730761046,0.00041587249635526225,0.0036260928359452865,0.0008899323086457926,0.0029309096501694723,0.0019049978248567012
15.191986644407345,0.0040916824969698526,0.0021165999194105284,0.004706995290175885,0.0014438927107299632,0.004718923330043768,0.000415859248931771
15.275459098497496,0.004798976792403338,0.0003607595350605553,0.0024534298427201875,8.820342012422203e-05,0.0036094380250859966,0.00047398782995910767
15.358931552587645,0.004235439473690867,0.0009447285279078042,0.002897058437061866,0.0004661749131026805,0.0034635690058407477,0.0011023896865413679
15.442404006677796,0.0026433416095910035,0.0007452529294694778,0.0034478354181917406,0.0013914520702135913,0.004034651525841834,0.0017216477814185028
15.525876460767947,0.0031412524628594493,0.001221347810861342,0.0018592062389488062,0.0022266115221546453,0.0013033924924303708,0.0009883064453941224
15.609348914858098,0.0024210644532290477,0.0012760305840094153,0.002241628467060496,0.0004975149073465345,0.0036334913963182378,0.0007334845456104991
15.692821368948247,0.0030860608055376503,0.000730716931917132,0.0028445170344767725,0.0009273415430335855,0.0034192119061088344,0.00018968521094771135
15.776293823038397,0.001264197676073504,0.0004559377171676999,0.0016502162032338663,0.0016598388933706993,0.0009184488015025985,0.0008736895579658138
15.859766277128548,0.0030453785167689337,0.0005201451858555085,0.0032325045329024875,0.00107522522970391,0.0046257837073797195,0.0006596216348005704
15.943238731218697,0.003816306985836655,0.0024212250171892205,0.0012095488199320222,0.0024340979197550283,0.0042402486919372795,0.0026854710352141107
16.026711185308848,0.002183011529387351,0.001275565623293972,0.002448788849371132,0.0014342717878618528,0.004473395291014286,0.0010000492183175
16.110183639398997,0.0035213962030969065,0.0005982429986820785,0.003587949119987093,0.000483330626642139,0.005172158880298492,0.0007879269477699049
16.19365609348915,0.003394810941559701,0.001252576395801362,0.001780600354770248,0.0011731696380451405,0.004468923689786545,0.0012457880563975395
16.2771285475793,0.0019905267226483295,0.0011050676010218056,0.0014042383924070586,0.0010091914898471323,0.0028914092418346475,0.0003928350622219596
16.360601001669448,0.0024506434981415347,0.0006554118799681639,0.001867754518965227,0.0011949463108116441,0.003735291794380478,0.000402678725053397
16.4440734557596,0.0025632642792177713,0.0011261439301552356,0.003205128275406318,0.0013226253233955916,0.004204782007692912,0.0011266228404542835
16.52754590984975,0.002076839423705296,0.0005590827818366275,0.0045790169451309344,0.0003872401540108137,0.005714672098395526,0.0002198519579783159
16.6110183639399,0.0022956904927390154,0.0015892809895199356,0.002076787167157884,0.0009070711346544604,0.0034252670590881242,0.001680642444446559
16.69449081803005,0.0007538156917907643,0.001478830483604426,0.0005820984693027509,0.0009202945274651157,0.0028998682546519513,0.001187068055573409
16.7779632721202,0.0005099219759348501,0.0015014031761345632,0.002567089313322771,0.0011001213032057235,0.002101452687888723,0.0017351840838611874
16.86143572621035,0.000489684122042213,0.00042391535901878234,0.003398673374970277,0.000713563004236011,0.0005123996231113079,0.0012018781856625734
16.9449081803005,0.003043451234237326,0.0020253343833587963,0.0031182205158394156,0.0018961856036199371,0.002657593811703638,0.0019884174221541256
17.02838063439065,0.0022236604944699833,0.0018428139566702187,0.0012975892339699457,0.0008559879724162476,0.002583898530222189,0.0015110233366207148
17.1118530884808,0.0008776320757430438,0.003323281248728674,0.0015375821023723185,0.0008649597182054599,0.0009022281620240212,0.0018467647448422275
17.195325542570952,0.002625372698285811,0.0017644263714073384,0.0005885122313475779,0.00112864845429494,0.0005110569466054331,0.0009778200197414887
17.2787979966611,0.0018536356101547188,0.0008608978904023991,0.0020687511990293865,0.0003303280166274149,0.0021218123290861046,0.0016348854677115672
17.362270450751254,0.001613582314233584,0.0023259072269369257,0.002872421307866843,0.00024207574346965554,0.0012177760125031082,0.00018666627352079503
17.445742904841403,0.0026050879278500983,0.0007084619776550179,0.001924636617364849,0.0005877426429436277,0.0016013347014965102,0.0015448371783661067
17.529215358931552,0.001601389334484314,0.0006535222837976922,0.0015036248750750789,0.0006610253042806364,0.002285097329508172,0.0006321729794345109
17.612687813021704,0.0007204668501681487,0.0017899451961471851,0.00022524058629703724,0.0007214035863534279,0.0009359023145217682,0.0006306897050819672
17.696160267111853,0.001584203775481564,0.0005014983870035918,0.0008434075366657665,0.0014237050713208634,0.001038730974346223,0.0019517569885447535
17.779632721202002,0.002440951007879905,0.0013910879538571494,0.0006961076443541229,0.0017442238508156066,0.0023739800124316615,0.0017772120206526304
17.863105175292155,0.0026858495739357706,0.0023955067378796137,0.002397843630566244,0.003392598213336304,0.005205603390111981,0.0019157405876994893
17.946577629382304,0.0018899305825113295,0.0007274622380292918,0.0028399444178872145,0.0013587725001691856,0.0038791370134955224,0.0027677497965438993
18.030050083472453,0.0018424352304318547,0.0010060685452651522,0.002326814797406594,0.0006756677068899924,0.0020940652350631426,0.0022186096634734874
18.113522537562606,0.0019465224338545944,0.0006746568146075572,0.0016483091562006231,0.0014450182012745183,0.0026022816657501136,0.002253055761123024
18.196994991652755,0.0004263886734685716,0.001838985268885738,0.001440756811662702,0.0011730840718575893,0.002052917718062686,0.0011605615504074731
18.280467445742904,0.0014209230747179963,0.0006291869656991226,0.0016764806999875457,0.0001772428449059531,0.002583224984061107,0.0011092581479693314
18.363939899833056,0.0007705859089478879,0.0013483762158818203,0.0009076567084905981,0.0018967358722045114,0.0010142811487593116,0.001838734587665847
18.447412353923205,0.0026588748691171063,0.001625818996607561,0.0015668792905944354,0.000329515872098692,0.0033501948591640267,0.0009301787461240297
18.530884808013354,0.0007968056254953045,0.0005366152971801727,0.002123604255749773,0.0011056510794024408,0.000997483426532715,0.0011460455115505498
18.614357262103507,0.0020385836991735112,0.0011216745175070865,0.0012482804914667757,0.001270119236725917,0.0019796483205834735,0.0011361364941489965
18.697829716193656,0.0022740433874256804,0.0018063128382490479,0.0007509060139903289,0.0009827456303692517,0.0007285479070644849,0.0014751758978349943
18.781302170283805,0.0002714456347487091,0.0006318511805268762,0.001841028415223363,0.0011854633453995808,0.0017072839238958344,0.0013228144828923538
18.864774624373958,0.003618141618505696,0.00043116871480494874,0.00175500617511686,0.0013880205404696213,0.002165800001974644,0.00020289507697715498
18.948247078464107,0.003268549331192759,0.0011093848612032321,0.001122502539083574,0.0008234388948420221,0.0010345274950400328,0.000985482818588642
19.031719532554256,0.0007284602084330394,0.0006688550756997,0.0010425605217950563,0.0006862091425954007,0.0010535437717731158,0.0006365032103675517
19.115191986644408,0.0011702963276245383,0.0007227602607785906,0.0017944490072244288,0.00156491887807752,0.002801437785511289,0.001869497826526372
19.198664440734557,0.0015618220594106169,0.0008201845925213073,0.0014959272227881351,0.0003129146085787292,0.0017409439029758096,0.0014146999172750378
19.282136894824706,0.00129099180922358,0.0005958993028564591,0.0012639117774792086,0.0005995273918385846,0.0012135800400304045,0.00034810054747238254
19.36560934891486,0.00024355016409765182,0.000714195227461662,0.0005391473851372584,0.0013353748768967478,0.0032177202144471778,0.0005476598269527506
19.449081803005008,0.00023491299485660155,0.0006659642888569395,0.0008508908978286331,0.0008214034269550062,0.005512914377013918,0.0007801578726028154
19.532554257095157,0.000827753630036171,0.0012447923548524497,0.0011433961601020795,0.0008060470499844893,0.002880426966527311,0.0014171133835411732
19.61602671118531,0.0007037797361200757,0.0005090441536933937,0.0015845788155047947,0.00032605028055197763,0.0025992028320786014,0.0009359127640319593
19.69949916527546,0.002460467766858806,0.0005603728227222297,0.0022154853237390123,0.000553673593920722,0.0029696661095110193,0.001391415136432943
19.782971619365608,0.0017450187661592637,0.0012929805703323618,0.001876391459392044,0.0002953007661423559,0.003906808528433484,0.0009149158640056254
19.86644407345576,0.0013665897802464678,0.0008996033575043167,0.0003512583686297826,0.0006653956585237998,0.001269696714004874,0.0009548549332093372
19.94991652754591,0.0007454855978087881,0.001021784155011209,0.0013979351263363402,0.0007940394462711249,0.0030528510751173625,0.0009796554052291266
20.033388981636058,0.0010801499819524918,0.0003325639873533954,0.0005601345316069489,0.00025764771246960074,0.003331932105011772,7.078380466458983e-05
20.11686143572621,0.001549483552715639,0.00016875079834470708,0.0009890724836663252,0.0004809064013874131,0.0016059354385689,0.0023946686437919724
20.20033388981636,0.0008570055880290037,0.0011725048696107482,0.0002853321722170715,0.0007434903188352959,0.0013625108422470082,0.0009206869894727404
20.283806343906512,0.0002924809212073373,0.0004983398290621056,0.001278102870461766,0.00039546433885503045,0.0015217732836974203,0.0015618353916373967
20.36727879799666,0.00035991248832443356,0.0003883734687629782,0.0015006300165609893,0.0012222847363052953,0.003666141984524545,0.0005738038764171031
20.45075125208681,0.000515033902749156,0.00048478864770222686,0.0009649625558956693,0.00017111634909117775,0.0018661619218595324,0.0019197151749045186
20.534223706176963,0.0017181476950174613,0.0012816393454376388,0.0010378639314720121,0.00025763775982456797,0.0005776866900300998,0.0008822660666105836
20.617696160267112,0.00014485292684491785,0.00040324281956721607,0.0016857493027026458,0.0008856965853577556,0.0023840406389743366,0.0021369693246408366
20.70116861435726,0.0009469335833392751,0.00011353407179195636,0.0009011146282317697,0.0005884502086857432,0.003127317831103188,0.0004513301820554967
20.784641068447414,0.0018788685474068415,0.0009214392398162637,0.0006684095724838003,0.0006846838663018753,0.0031470002669400777,0.0008991543394208025
20.868113522537563,0.0012498441460448528,0.0007348467543955507,0.0008227765948247334,0.0005693099358904685,0.0017916355865324192,0.0019306533606515417
20.95158597662771,0.0004499160276164064,0.0009699197752894761,0.0004901812613196152,0.0006968620439006355,0.0017205408834939176,0.0008134976378958818
21.035058430717864,0.0005158449946851821,0.0007956555721858822,0.0015336209528735124,0.0005877455777646497,0.0021008664929030537,0.002079798000884485
21.118530884808013,0.0009656406394944104,0.000964540553081597,0.0026034688213726017,0.0004145299656683135,0.003008993813409637,0.0004766931284757169
21.202003338898162,0.0015464406189435406,0.0010914266971012716,0.0029713984435103618,0.0012140089290923613,0.0025953182681418786,0.0007266656222329257
21.285475792988315,0.0007876062913864234,0.00019529485078740902,0.0014613499652645049,0.00017223602712438627,0.0018973557551032537,0.0006428441616659969
21.368948247078464,0.0013984051026400036,0.0007092189244485206,0.0015092133770334291,0.0003717865521045359,0.0028802861782259086,0.0006975240880381613
21.452420701168613,0.002289727033728025,0.001046107706889941,0.0024040116817304735,0.00209011136246894,0.004173531332065048,0.0020797128776501124
21.535893155258766,0.000979001001563423,0.00033350057252901365,0.0014761992034328841,0.0012130548716783672,0.003011953411553706,0.0007417716535714489
21.619365609348915,0.00023533106189416487,0.001226063756488198,0.0008469235666777319,0.0004549370131160125,0.0015637684812990322,0.000545854290202411
21.702838063439064,0.000987642126551009,0.0010861368415461393,0.0019949468478708634,0.0010042824311575014,0.0015568859494357798,0.001149877612017447
21.786310517529216,0.0006676173269209557,0.000885385308403392,0.0009006380095513163,0.0007524800873443047,0.0016141278860668127,0.0008013608995171397
21.869782971619365,0.0006882822703060661,0.0003183082662709335,0.0018032953507145988,0.0008923211979324636,0.002194412628368224,0.0007930508004161674
21.953255425709514,0.0012916653800073236,0.00041948592645162184,0.0009555387132341005,0.0004660948588444898,0.002581064563863004,0.0008555298638809482
22.036727879799667,0.0022832797235236265,0.0006632183311779447,0.001993622682297155,0.0007553730956405188,0.002952067051941598,0.0013875558371021115
22.120200333889816,0.0008571659414131682,0.0005463922481506838,0.0028985426611014813,0.0007859822814277448,0.002758302333843827,0.0007358446646488049
22.203672787979965,0.0009144176084671796,0.0007137206386855574,0.0013649170479692297,0.00029190022586935647,0.0026543336945646107,0.00081630098820999
22.287145242070117,0.000885527733715661,0.0004974410386239764,0.000780385145660772,0.0005065901220812072,0.0006563310628307494,0.0005518053735271668
22.370617696160267,0.0007343880125876062,0.0006647819380746072,0.002330439403721956,0.0009451044080314815,0.0023750908150617905,0.0005706407549136422
22.454090150250416,0.0009506082861001279,0.0005735586816033885,0.0026222199576275717,0.0010751101074285877,0.002254680110758997,0.0012945184974258446
22.537562604340568,0.001319414551992305,0.00027437644041949363,0.0017964038842025354,0.00015438342408754204,0.002517562593231127,0.00020746308437666184
22.621035058430717,0.0021727364856124485,0.0004704345050688202,0.001659071647252155,0.0010463072692464212,0.0034082176477812022,0.0011741563061611914
22.70450751252087,0.0009972876222112022,0.0003197148730159556,0.0003768554258900124,0.00033748558474010567,0.0016300376469986452,0.00029194316520832615
22.78797996661102,0.0013467731871734763,0.0004089724108860045,0.0011248890311717117,0.0005115215245869087,0.0003913525206711549,0.0016431729566618969
22.871452420701168,0.0015380179982969198,0.0005929830194173571,0.00036342997487595,0.0005577361448500791,0.001181009317570682,0.0019062254606602295
22.95492487479132,0.000273029652725789,0.000913920083995329,0.0011030062748582769,0.0003612202550409417,0.0008938984093651782,0.00015932035905025227
23.03839732888147,0.00013999715144543727,0.0004078517936985441,0.0013587995349012621,0.0005096303504088731,0.0012108027823283308,0.0005162620660476578
23.12186978297162,0.0009383872639265808,0.0009200039162456621,0.0007870026515195643,0.0005263874146241533,0.0017394687740889092,0.0001600482158784471
23.20534223706177,0.000646311749237001,0.0003356266771640334,0.001754300522252508,0.0009787654442980171,0.0019912943803672236,0.0010443339683995133
23.28881469115192,0.0010768007652441952,0.0004638452027340174,0.0009597950610085615,0.0005490039131226373,0.0025942713356932913,0.0007057114245117181
23.37228714524207,0.0005524446559898067,3.6760245814877466e-05,0.0005003697237617203,0.0007392261352478556,0.001973058598253465,0.0010657140447463925
23.45575959933222,0.0012092661682386225,0.0004096974949488616,0.0003239346680426893,0.0009721084551562625,0.0009753788540422741,0.0009012088276517498
23.53923205342237,0.0006059768373768122,0.0001982803687564872,0.0011226662568057503,0.000262186703039645,0.0011583021940928093,0.0008273274678453208
23.62270450751252,0.0009582615878762449,0.0007096414405123205,0.0025928445739114947,0.0005237429788261996,0.002317054838245588,0.0016146809491848272
23.706176961602672,0.0010617226086029957,0.0011252437031089965,0.0008010217261929625,0.0004555281441757667,0.0012081357692992044,0.0014208440943075979
23.78964941569282,0.0011380745378825365,0.00029578468451387294,0.0016360586546345923,0.0016257494712076659,0.0025116646607354198,0.0008560860894831549
23.87312186978297,0.0011604968064550542,0.00015190503716567711,0.0016256716702461283,0.0008422854130424021,0.002185480527324141,0.0013523789423876792
23.956594323873123,0.001141658568445166,0.0008100072343213156,0.0018408562791996093,0.0001470595737684712,0.0037790106413829253,0.000748260884652496
24.040066777963272,0.0009455642098919538,0.00021062542211829224,0.001218251747323232,0.0011875332581548167,0.0023086688343476125,0.0006522574399902251
24.12353923205342,0.0005299428527447067,0.0004838999537727127,0.0012628335334080325,0.0006017116217615175,0.0017514349330165699,0.0008893355235776821
24.207011686143574,0.000474085916262692,0.0006050862791562059,0.0009448631629135245,0.0011986359845891441,0.0015067325449075193,0.0009378531453644308
24.290484140233723,0.0005632108231419035,0.0008418950352148145,0.000895385048114214,0.0006872514936087279,0.0011441519987927683,0.0009943546496040294
24.37395659432387,0.00047362037139151597,0.0004633551805793808,0.0006423879163433858,0.0008202068421953375,0.0007211585371779152,0.001313442241745823
24.457429048414024,0.0011646652595803224,0.0003093585339396484,0.00030619129211739444,0.0007808407328023298,0.0020169448447317404,0.0006733931850460214
24.540901502504173,0.0010979765456412356,0.0008044157389890068,0.0010009333728815085,0.00038834011713208294,0.001224260701564591,0.0007271007911948881
24.624373956594322,0.0006280593069909268,0.000452474150236508,0.0019026198472075154,0.0006755330344225106,0.0034423130342217264,0.00027470272763821817
24.707846410684475,0.0009066416516587309,0.00025921025544437,0.0003258437951126589,0.00011590888954812001,0.0026907640792403547,0.00043491667191851934
24.791318864774624,0.00050197542785166,0.00017578489290377537,0.0006795643189072472,0.00025690308612306046,0.0013030950521987254,0.0008471737909962903
24.874791318864773,0.00025363104615903963,0.0006338508447783842,0.0015057711770735435,0.0006969518890312615,0.002192886526961337,0.0006884981918231935
24.958263772954925,0.00020832508808340616,0.0005954042604310968,0.0020564759953973608,0.000773864404911485,0.0011343874004164035,0.0016166883993053438
25.041736227045075,0.0007457140149115238,0.00041352565651953013,0.001794300259674819,0.0003317603495355967,0.002423915820002785,0.0011831460140127657
25.125208681135224,0.0006008306918415141,0.0007101824078909653,0.0014319091169639414,0.0006885507904056751,0.001007961257107656,0.0003449526921958101
25.208681135225376,0.00020601996629324463,0.0007436954842461839,0.0014228680335228695,0.0002474978143079219,0.0016108149038334928,0.000995718819953207
25.292153589315525,0.0006227028333848954,0.0004235705002505655,0.0016866327957774593,0.0006592859381428625,0.0007778341699317798,0.0008318356529702548
25.375626043405674,0.00114134847418173,0.0008117623400941297,0.0024584468939304696,0.0005814565839041625,0.0019462788934316339,0.0007976887959014089
25.459098497495827,0.0012088256224300298,0.00041247135761501966,0.002191125297163736,0.0008476012002813598,0.0022516276022969688,0.0013486658191456012
25.542570951585976,0.0007589137679055053,0.0004680166408288477,0.0025571149569063507,0.0014129891121307087,0.0028202390415975605,0.001577094737420937
25.62604340567613,0.000989254141177297,0.0003839933047839747,0.0030136128437425825,0.0008783379058017831,0.0028600397128891925,0.0011424765003454904
25.709515859766277,0.0010208337509295929,0.00021772812580706722,0.0030783875778496407,0.000976404857978471,0.0012240503964013338,0.0008186650990539652
25.792988313856426,0.0005368957657585839,5.732356778084015e-05,0.00229043582311379,0.0006409499367476699,0.002713709735225809,0.00046417098279471694
25.87646076794658,0.0005328920213162871,0.0004620783928056153,0.0020412840237173185,0.0002497237092658975,0.0014729084107315505,0.00041687391702704225
25.959933222036728,0.0007583699258935318,0.0003671829104630814,0.0026766895244401605,0.0006370623076940883,0.002610825043370903,0.0015623388209159198
26.043405676126877,0.00048272021891583773,0.00030886480888219316,0.0025964873939246227,0.00037055207044432383,0.000858133105974956,0.0005772504736337445
26.12687813021703,0.00010819259305057246,0.0007882117346643544,0.0007747729260171554,0.0006333380652050936,0.002658908499604443,0.000355921311473831
26.21035058430718,0.0005566459877561355,0.0006796412514549241,0.000275464638742433,0.0002394899514595179,0.0020297186547878284,0.0013351799048818575
26.293823038397328,0.0005264085402549542,0.0002684086973384747,0.00037602499043905345,0.0008027442205147815,0.001108235122260121,0.0005782145593143959
26.37729549248748,0.0006291427170650428,0.00018044735646993788,0.0013729847295952714,0.0009613115179554914,0.001080201173249982,0.0012175190477142813
26.46076794657763,0.0007819995483281245,0.00020359111842944966,0.0015697747536145834,0.0010422041979112361,0.0017810125158315424,0.0012267471562536932
26.54424040066778,0.0007709858761363556,0.0001272218951328401,0.00213722754423249,0.0010692837298697977,0.0041016489556094686,0.001034989758444145
26.62771285475793,0.0005144461658151153,0.0006684756502268399,0.0018629498286930812,0.0003063182759418078,0.0007170423811788025,0.0012770999732097143
26.71118530884808,0.0010463735852131815,7.38363842758419e-05,0.001798850202396415,0.0008235727222013897,0.002298562639598363,0.0012562297151220722
26.79465776293823,0.0009022332372625525,0.0005787849647484228,0.002804938607938754,0.0003198723439653494,0.0015350111027995661,0.0007644965233954747
26.87813021702838,0.0010348233517906628,0.0006135663479415447,0.0013854248037181533,0.0004283820215039929,0.002027829045428417,0.0018631763704558563
26.96160267111853,0.0006298738776042929,0.00040419978796048717,0.0001589166468554647,0.00025728563440566537,0.000842132763187639,0.0007930621281615376
27.04507512520868,0.0007174512234224331,0.0004943772141790284,0.0005280291781711305,0.0008663951943029634,0.0005947753456572395,0.001432854696343806
27.128547579298832,0.00032785080545293224,0.00019676631901868963,0.0011335920948888254,0.001022284947183336,0.001084766044645903,0.0006126738403970526
27.21202003338898,0.0007042199236732515,0.0004141388578756758,0.0012216858320692012,0.0008489116659153935,0.0014019478191064486,0.0013520857157101956
27.29549248747913,0.0005383340840733674,0.00026773176980962555,0.0020995034743255207,8.921600836183312e-05,0.0016661158873518334,0.001165485477288972
27.378964941569283,0.0015943352918240362,0.00033914142121194396,0.0007738955360063199,0.00037003101597474024,0.0009491808084324041,0.000739613068406424
27.462437395659432,0.0010399416710576476,0.00030249382717522456,0.00013227140568997244,0.0008710979682566324,0.0004698487117539651,0.00016505055804986405
27.54590984974958,0.00016596361371891148,0.000572290099345814,0.0013117422151023915,0.0008931193270208378,0.0013876331449561318,0.0002650668565769599
27.629382303839733,0.0003643570934083568,0.0003033124863819504,0.002059906622466364,0.00041172562285560357,0.00140478449993901,0.00036807659424966516
27.712854757929883,0.0004093274871065807,0.0005323311653605586,0.0018436370480859072,0.00023640928355337103,0.001755166229432492,0.00051205465856881
27.79632721202003,0.0008776044858922595,0.00017857173518246824,0.00106529051192802,0.0005451763920962222,0.0018898331434397389,0.00030976582391451136
27.879799666110184,0.0006027074181766039,0.0006114616882102941,0.0012419764842156282,0.00025681264853297047,0.0010319511625207906,0.00022946878060016088
27.963272120200333,0.0006470325104101357,0.0004231561277048915,0.0013803557616532004,0.0003773340646260253,0.0015421057537698412,0.0004087007354005824
28.046744574290486,0.0004434718462973857,0.0002607549822257887,0.002253327183398123,0.000515881165299584,0.0010164627747395562,0.001464751053158603
28.130217028380635,0.0012322285313557913,0.000514403166339299,0.00216021536409133,0.0001483888039526489,0.0025777712274891247,0.0006646127497547359
28.213689482470784,0.00042702230555456347,0.0001559941226685927,0.0021228558544040565,0.00028345964451761626,0.0021970555764550953,0.0003214120855042897
28.297161936560936,0.00027967654318825856,0.00013898383191043753,0.0009713379819172107,0.0006133407683943274,0.0012508014553532921,0.0013143859876229432
28.380634390651085,0.0005312287160122773,0.0002652992479157584,0.0016860571242577017,0.0002544163549433056,0.001442153555899327,0.0010916538610229818
28.464106844741234,0.0009221427997301564,0.0001956476168097927,0.0015397676890862905,0.0005654993717277184,0.0007020642274786932,0.0011491616629606559
28.547579298831387,0.00018850696194968727,0.00036678105384713085,0.0019337801014526262,0.0002823254088603202,0.0020084160100982875,0.0011625087070704608
28.631051752921536,0.0006033645994425017,0.0006975873949828236,0.001167076009531819,0.0009145668343395245,0.0015311597624943158,0.0005468088742432881
28.714524207011685,0.0008904832094041625,0.0007057464068296172,0.0014920800988924324,0.0007293040443525471,0.0011189674519236593,0.0010063103532365395
28.797996661101838,0.0009528461989992548,0.00017630635973024905,0.00146403698626658,0.0003606950214890959,0.0013353875055134479,0.0009194036393129984
28.881469115191987,0.0008609937286766078,0.00041229525990918263,0.0009365172230014342,0.0005880181286339213,0.001291450308211987,0.001178504820320019
28.964941569282136,0.001183397458233584,0.000523480414332809,0.0014218539821818157,0.00020633051702705839,0.0009984279669500923,0.0012661232837158298
29.04841402337229,0.0004248359363023141,0.0003674159375150132,0.002105740457006305,0.00034120157513960734,0.0021260979196427066,0.0003443642263980411
29.131886477462437,0.000718043437865887,0.0007319882305684638,0.0008905809516596325,0.0004523843518167266,0.00039455492663632445,0.0006630353516657563
29.215358931552586,0.001056530565694084,0.00018329844812320703,0.0009330497433461381,0.00038234552307028096,0.0016137580807622852,0.0005457756936784266
29.29883138564274,0.000171119861857637,0.00047484000938923806,0.001080725492877958,0.0004040461777946259,0.0005595827080131555,0.0005065210223558907
29.382303839732888,0.0004388524281790373,0.0008476467532740657,0.0008744665805895773,0.000780588493613531,0.0017452173749911456,0.0002727212363837754
29.465776293823037,0.0010135651739059794,0.0003991770678758427,0.000584741379059793,0.0006667877770651265,0.0007234265453591087,0.0010295501591975284
29.54924874791319,0.0007854346507441267,0.0001504304424758921,0.000565212461140343,0.0007465158390241235,0.00012060994967133876,0.0009478453987365476
29.63272120200334,0.0006508001436534255,0.00026992035628674955,0.0006843787653733117,0.0002579126157835219,0.0008210847419123084,0.0005701160268326735
29.716193656093488,0.0005177357432357958,0.0005442312549056053,0.0008297021196081537,0.00020873091314017086,0.001835412968468117,0.0002554265085514923
29.79966611018364,0.00047154991526962244,0.0006603453422125917,0.00038868999580247954,0.00039935669244374006,0.0007086773943053325,0.0012653068653977787
29.88313856427379,0.0006880241933836863,0.0004664442149313052,0.0008418823819978261,0.00017850329470868684,0.0007698831587170111,0.0005650492522578204
29.96661101836394,0.0007060195020333884,0.0007494997515725554,0.0014509609485657505,0.00033912579406995743,0.0009740548740921781,0.000628006032557358
30.05008347245409,0.0005192390266476273,0.0005375904573492624,0.0006449728923676392,0.0005250224108962175,0.0012282561403847952,0.0003035232206063167
30.13355592654424,0.0003398995102729952,0.0004564563052981084,0.00014425315143515484,0.00016099733244707618,0.0005257385464433389,0.0003096038369529138
30.21702838063439,0.0002437058067623061,0.00018052734480585372,0.00037981657458520206,0.00010934859380546488,0.0006438521554666077,0.00011066481894257918
30.30050083472454,0.0009095711050568068,0.0009419461661608602,0.0007512310560043278,0.0007426314395147578,0.0008054425433968508,0.0006751889762091157
30.38397328881469,0.0005392228958876557,0.00012278295569683397,0.0008869745506052834,0.0001340392925529414,0.00018290438119407835,0.0009899399800229892
30.46744574290484,0.0008593113602136723,0.00044620199822344007,0.0011634602679503636,0.00025808144448654296,0.0007746581787451669,0.0009864533864544116
30.550918196994992,0.000579663461917952,0.0005596908351407848,0.0005508355601866696,0.00010001910381707941,0.0011757826752411993,0.0013621870132700235
30.63439065108514,0.00017177351471899517,0.0007618275608926681,0.0005205118448202383,0.00042420242856791536,0.0010181335068354279,0.0001318033353320218
30.71786310517529,0.000639262194212199,0.00037986009522933796,0.0004771385600026766,8.857471393922958e-05,0.00035179001551487947,0.0006880830135307504
30.801335559265443,0.00029565773058747724,0.0002303716963851616,0.0005492180147992875,0.00042386522791659174,0.00044076295832321514,0.0005255917987142536
30.884808013355592,7.72292472061133e-05,0.0002735355739619509,0.0003836791795005455,0.0001861389579646618,0.0004493852397405117,0.00044110581741858254
30.968280467445744,0.0003905692868747934,0.0005092408077866137,0.00040382967919792867,0.0006311696436326059,0.0005756088588770139,9.963238861938613e-05
31.051752921535893,0.00026638613687520184,0.0003724059738641714,0.00036545670123831406,0.00038529859269653287,0.0006358852628014766,0.00027596428243329313
31.135225375626042,0.0007161047210279214,4.190026960629076e-05,0.0011966368195998568,0.0002112106421755357,0.0007789409404920842,0.0005904989301689289
31.218697829716195,0.0003328881347673656,0.0005721532585112055,0.00020703308201587095,0.0006093921496227723,0.0009255430770769163,0.0005790405740094092
31.302170283806344,5.302326072227022e-05,0.0009774183475139279,0.0006094485020427973,0.0004426955358623204,0.00015164267260336378,0.0008781888715889007
31.385642737896493,0.00025822964959565094,0.0005327080209817901,1.6034042274455803e-05,0.00018268737627136615,0.00042128671819517064,0.0004500559511589324
31.469115191986646,0.00025436849451036456,5.179054668897596e-05,0.0006980703298274173,0.0004676757446200045,0.0002643594367414656,0.0004172800111482533
31.552587646076795,0.00020151578735684147,0.00015244856979016922,0.00029497608571192667,0.0002444201183280585,0.0007167518851459436,0.0005940500380170251
31.636060100166944,0.0003548272110769988,0.0002132485985538086,0.0002119987570666274,0.0004835066566099181,0.0005245949995505158,0.0004941612850389687
31.719532554257096,0.0006346059387173313,0.0006249617328760288,0.0005618266434763669,0.0006054983870731005,0.0002406778893483944,0.0003300728401604982
31.803005008347245,0.0003584677286411173,0.00020708109951289214,0.0005166547820525702,0.0001847004120507352,0.00018230904642479618,0.00043694968991571425
31.886477462437394,0.00039069855589452955,0.00032868418592812596,0.0006516681163714089,5.878404276768971e-05,0.000527041606449871,0.0002891493979971928
31.969949916527547,0.00016862303336943272,0.0005996554029042337,0.0006626595517255917,0.0004019864119165304,0.0012702442852645845,0.0006051567581143507
32.053422370617696,0.0006958526094570605,0.00030266226347377945,0.00023437005509566823,0.0002149630356964312,0.0005192773837610087,0.0006485841120416074
32.136894824707845,0.00013817756165963621,0.00013618945818314737,0.0007104039380018797,0.00040170091382386907,0.0007042100287983225,0.0003578199890272599
32.220367278797994,0.0004402967747220181,0.00021755920779940752,0.00034441135694559806,0.00016477689885674183,0.0002582015876630156,0.0005893560518759624
32.30383973288815,0.00023588822190608234,0.0004179590349107612,0.0009473716117121066,9.972702266212308e-05,0.0002617942500469402,0.0006854746120172112
32.3873121869783,0.00022538249285227255,0.0003514885826670337,0.0008632689999783115,0.00033568051944022877,0.0005998357428151588,0.00029993824020133785
32.47078464106845,0.0002569756179077309,0.00026249841852115426,0.00041128229139605324,0.0005108602737030048,0.0009067289621282157,0.00035883196084771746
32.5542570951586,0.00045686874186041325,0.00041033856770741374,0.00038733697698860114,0.00041803440548406567,0.00019608805357112166,0.0006253509077174257
32.637729549248746,0.0005695934510860093,0.00021818399429702877,0.0005814910514217072,0.00035067956117628796,0.00010415465973853174,0.0007463753666281767
32.721202003338895,0.0008894019692618229,2.3367080051556718e-05,0.0004015670704028991,0.00021712146488043043,0.0006325890336689248,0.0005917432882678843
32.80467445742905,5.5631728266003244e-05,0.00045331916940342075,0.0003134554349795593,0.0003478972771142995,0.0005291971956823435,0.0010536719082900742
32.8881469115192,0.00017342204147040904,0.00018175711050676544,0.000446609560112572,0.00037362237393417035,0.0006069854888760331,0.0006375846297535693
32.97161936560935,0.0002755054147197706,0.000497239220525489,0.0004773347657985172,0.0004105445016517482,0.00029342444614069684,0.00020861000845323878
33.0550918196995,0.0005279752765464304,0.0002808378473089481,0.0005550441295105976,0.00013455765023525967,0.00043706514391249866,0.0006954389589514536
33.13856427378965,0.000291166189140744,0.0007712281430111721,0.0003663853021250465,0.0002355498013890783,0.0006335051461098082,0.0003307107046786896
33.2220367278798,0.001028615741656764,0.0007030229857503121,0.0003265887194419561,0.00016835020385062028,0.0005026324729993959,0.000851730252351367
33.30550918196995,0.0005000334096073192,0.00020368520293359674,0.0004109491061546706,0.00019614078301764042,0.0002638726327060368,0.0006405200458158595
33.3889816360601,0.0002493604083613792,0.0004048540828319559,0.00030339057510492934,0.0006668287148583923,0.00012920437363420328,0.0005593975205350328
33.47245409015025,0.0007038318298476956,0.0003080077243910359,0.0005942538184606305,0.00029235908058472293,0.0002476088577010438,0.0002579421190569656
33.5559265442404,0.0002993962599382766,0.0005864764439941244,0.0004156439368071686,0.00040110627600606667,0.0006504254229152063,0.0007570541536093336
33.63939899833055,0.0011244044840071352,0.00023868050825915345,0.00016713968373715973,0.0006214632353946405,0.00048556226933170693,3.110856711238379e-05
33.7228714524207,0.00024468083039820554,0.0007827195070664732,0.0007072560310733532,0.0002578686709011764,0.00044869687785858406,0.00023707604006423328
33.806343906510854,0.00048464374290302565,0.00025596265175328983,0.0006235155162777672,0.0004114414129190254,0.0005312155727039184,0.00027014784003568645
33.889816360601,0.00018849807452947176,0.00020742188914106067,0.00026825015860753877,0.00022487917680270368,0.0004999055432737278,0.00021101978728702302
33.97328881469115,0.0004121659269135554,0.0006329899734678057,8.711196479099734e-05,0.0005358130293629851,0.0005295281262114532,0.00028617191480509116
34.0567612687813,0.0004163447313307155,0.00020271432864368263,7.918949604067031e-05,0.0006841298817151011,0.0003707277568148408,0.0004242238459898227
34.14023372287145,0.00016582073141339823,0.00031436795195819296,0.0006316845739448197,0.00016028791956105602,0.0009451224899582912,0.00014343429998861282
34.2237061769616,2.488507470317306e-05,0.00041672659679937123,0.0005407219651428451,0.0002574847915430199,8.657851108380818e-05,0.0006022904950129469
34.307178631051755,8.990996411861171e-05,4.368567373281197e-05,0.00035646707619125753,0.00047312726488340405,0.00057972726682991,0.00012149301064890428
34.390651085141904,7.806307240945517e-05,0.000155496232633621,0.0006574365715794988,0.00038958383592468704,0.0004608093192973982,0.0001713977174085561
34.47412353923205,0.0002613067319915337,0.00038288229213814584,0.0006262040094178085,0.0006503383243287924,0.0006095248414313542,0.0007069386772699869
34.5575959933222,0.00028244427899461037,4.488867709469319e-05,0.000381748583710046,0.00044820388081557086,0.0003354551513215019,0.0005013758316518857
34.64106844741235,0.00038406862884218925,0.00018123650925250145,0.00010846510831952184,6.126815953303421e-05,0.00028373793999551166,0.0004133873450567403
34.72454090150251,0.00022505518809415447,4.403953668125335e-05,0.000942186411823844,0.0003648023928864254,0.00045194094084633277,0.0002797777669326002
34.80801335559266,0.00014691399336399605,0.0003840368930263602,0.0006409756154071465,0.00046704656668522575,0.0006572792509012365,0.0006494242927889845
34.891485809682806,0.0003718686295674113,0.00033946058558298453,0.0002468168171763702,0.00018559748050646694,0.0011404638768870406,0.00012623348282121021
34.974958263772955,0.00022220276372145715,0.00033226246588529453,0.00020838624638136322,0.0003217756988754211,0.00023962594377986633,0.00016447821947487997
35.058430717863104,0.00041971826405796193,0.00019649865220391303,0.00037458346309574806,0.00026472450839774695,0.0005826836647444587,0.0006463991501438336
35.14190317195325,0.0005258491105138747,0.0002211029027784939,0.000576756462355662,0.0002950188768464196,0.0007334493828101303,0.00026796026688411743
35.22537562604341,0.00014510463664306104,0.0004577902784107108,0.0008216036158453272,0.000514327673700965,0.0003120392826586498,0.0004252604523144473
35.30884808013356,0.00048773930230744833,0.0005494573733403009,0.0004248707621742623,0.0002160793938671199,0.0003226989211471275,0.0002454001156611995
35.39232053422371,0.000436154405517861,0.0002506144205879267,0.0008742334408528503,0.00044879811854385684,0.0010716735934515338,0.00023945590774687484
35.475792988313856,0.00029959470502054523,0.0002673359469514023,0.00020460455085544442,0.0003946242232152363,0.001004991596384873,0.00027301972863094155
35.559265442404005,0.0005763567377770095,0.0002747254888889237,0.0007362248108213336,0.00019719542554417525,0.00101342833188625,0.00010424717374833583
35.642737896494154,0.0006255538050029346,0.00040600894850125976,0.00030522590337884683,0.00013322393488425264,0.0012112576485070643,0.0004904450715087481
35.72621035058431,0.00042329794217004413,0.00018247760393086634,0.0003798480794079723,0.00022493860231626944,0.00020100337005387697,0.00028409185341995004
35.80968280467446,8.778010138765297e-05,0.0004532047114408243,0.0006092047988485133,5.547481840320421e-06,6.261364163240219e-05,0.00017367269785533484
35.89315525876461,0.0002921956787920822,0.00020210630940732096,0.0003941454141985069,0.00043043263741444156,0.00022079066705241009,0.0006549468999530099
35.97662771285476,0.0004685281326256346,0.00016185874095416689,0.00012608111808151129,0.0002675191499673123,0.0011351358170926108,0.0003689522473872142
36.060100166944906,0.0006997750971634421,0.0005248615080343302,2.3453846317920947e-05,0.00023430495836802606,0.00044217558919865986,0.0002528981580912739
36.143572621035055,0.0008661983807326825,0.0002909797509977118,0.0002458015574738745,3.7261769985152645e-05,0.0005781821415454347,0.0003970819015441171
36.22704507512521,0.0005661641060743,0.0003922837966696273,0.0002544717418276834,0.0003609996114687429,0.001439577108898794,0.0006117639454440449
36.31051752921536,0.0004999729814772359,0.0009486256825052323,0.00022868067955527014,0.0008152441900682971,0.0008152633567178593,0.0009751289821035062
36.39398998330551,0.00026797515160604195,0.00023242778067452018,0.0002084816954071843,0.00021062367908933393,0.0006455425357356496,0.00038442071390208
36.47746243739566,0.0008293995604900077,0.000436903038467678,0.00036410170187082917,0.00018193347372397122,0.001232001455834972,0.0002786286884581326
36.56093489148581,0.0004317857617033542,0.00014937182720103022,0.00034603889014276154,5.176363307846798e-05,0.000510185144696254,0.00022290453685982155
36.64440734557596,0.0005041689909648725,0.0005303973120574842,0.0001972101143101368,0.00017532857646875442,0.00045238293745346244,0.0007738141581744314
36.72787979966611,0.00035890601117911474,0.0002472645590849531,0.0005514246509183323,9.58624682289587e-05,0.0007624257157486406,0.00035517460431068535
36.81135225375626,0.0006624046155866227,0.0003082376681185837,0.00037648116364702314,0.0004400009082688061,0.0011343636005155867,0.0009702571445249487
36.89482470784641,0.000595232455601551,0.0007928352335146946,0.0005418977916299451,0.00026187551763109517,0.0012747640496050031,0.0012151239407413841
36.97829716193656,0.0009634642946458801,0.00022385692268046733,0.0005981085942596802,0.00014143439198680593,0.0005935803451701586,0.0005902733143794562
37.06176961602671,0.000550338452285411,0.0005968458439508058,0.000304399519318855,0.00025895333920223604,0.0005535384547055995,0.0003199358324780058
37.14524207011686,0.00026703842885345957,8.977749655669045e-05,0.00027511740043405686,0.0001575975573724046,0.0002001143628099459,0.000678419868818237
37.228714524207014,0.0011083971349998827,0.0008183894663934433,0.0004340894946522889,0.00014641531301896017,0.0007897994096240047,0.0010682621494962081
37.31218697829716,0.0014278981402036026,0.0007150176364986048,0.0007676233470728565,0.00011756577792325986,0.000881872235131899,0.001188405501208246
37.39565943238731,0.0003898277269277846,0.00039187152283995017,0.0003762885619406494,0.0005127846811030052,0.0007631096992476039,0.0008506907171747491
37.47913188647746,0.0007810380687474255,0.0009425390332608444,0.0008022369888562512,0.0003753175073137051,0.000720963272897847,0.00015607153834532836
37.56260434056761,0.0008532458158193514,0.0002461623796307906,0.00017969081756163917,0.00014170038722893365,0.0007342050548338465,0.0007646066553917315
37.646076794657766,0.00046106362824249443,0.0005747449283732477,0.0004147111060607562,0.00023734644294233804,0.000612498229384726,0.0002821232891649515
37.729549248747915,0.00033737672317501593,0.00035275004538446077,0.00016467880924961168,0.00024029216598652555,0.0006375737520479266,0.0007426634738507528
37.813021702838064,0.0003787507714642467,0.00018806409454728522,0.0005054286148650113,9.602761781119904e-05,0.0008662660196802462,0.00028817435071003516
37.89649415692821,0.0008834522338477444,0.0002790390042424533,0.0002073887734612987,0.0002117660471506025,0.0008363659852569298,0.00024181268383617084
37.97996661101836,0.0007302024261635326,0.0003973635820802376,0.0005341031709955259,0.00013566759507028934,0.0011179670060668906,0.0005845552386463015
38.06343906510851,0.0001658466962816994,0.00020477171355125543,0.00017880562497027405,0.0002935306161466876,0.0005410097061592574,0.0006024694478068693
38.14691151919867,0.000666457553313331,0.00018723603641601825,0.00041876986615613476,0.00013955493556628407,0.000661578883650203,0.00043390923396169714
38.230383973288816,0.0001977672094034381,0.0003961057788153998,0.00029333981845309885,0.00032578678476180567,0.0002185828333775706,0.0004098256824197554
38.313856427378965,0.00034394968748888616,0.0002338464976089793,0.00044922607236513824,0.00039789150350771457,0.0005349376114470232,0.0007909525933819511
38.397328881469114,0.000560772478564322,0.000470261878027769,0.0006197265359933736,9.879797369180909e-05,0.0007814220489262858,0.0004279087061462683
38.48080133555926,0.0003602480710479909,0.0007057002019591965,0.0005581317804262296,0.0003541268609497172,5.6052946175828264e-05,0.0004514500336250354
38.56427378964941,0.0003890412325903608,6.811250649101314e-05,0.0003767960966850225,9.381850135316332e-05,0.00071794789016199,0.0007192321462526378
38.64774624373957,0.000522549435832221,9.317598291175847e-05,0.0002850156427445038,0.0004349659059490493,0.000792910442744508,1.5724093474907062e-05
38.73121869782972,0.00039332326479549917,0.00023777958111280772,0.00017991008495915885,0.00031595790593440595,0.00012906385868238947,0.0001293501534498578
38.81469115191987,0.0005132574579799245,0.00028022288530306545,0.0005451043253032293,0.0001933257257858096,0.0004282472915327204,0.00024813602936025965
38.898163606010016,0.00015082443704499257,0.00011990730487711184,0.0006290055569911556,0.00027146983688045137,0.00041860609073850967,0.000525874204167358
38.981636060100165,0.0002465321404597029,0.00021067405047962853,0.00040069199611212795,9.464825717491483e-05,0.00024611809561126985,0.0002579038034262711
39.065108514190314,0.0002926637571356943,0.0004315549908108264,0.0005224750218046402,0.0003690122475641672,0.0009515226595301228,0.00042195606844100246
39.14858096828047,0.0004494507011645381,0.00032907545540367665,0.0004628625397175459,0.0002770146258215375,0.0004794964629110822,0.00022070449565609717
39.23205342237062,0.0007137435979195901,0.0004882401036429408,0.0002320528945923362,0.00028005594580778927,0.0006105474921943599,0.00012388560981871908
39.31552587646077,0.0004678660150623271,0.00023543979075201147,0.0006709557944899931,0.0001771008050292575,0.000629959900494509,0.0002780658880463899
39.39899833055092,0.00048171514507201844,0.00032765813338298146,0.0005041943819816347,7.488172209510312e-05,0.0007146412441004274,0.0003454449767479917
39.482470784641066,0.0008391842133569092,0.00025792566754926564,0.000803848971604909,0.00014544150774185185,0.0003487701146640599,0.00037921172713166663
39.565943238731215,0.0013292410072773498,0.00015754220037786582,0.0003473057172803206,0.00020882468286843213,0.0007170541987499461,0.0005798913908104947
39.64941569282137,0.0007576521602043919,0.00022598341498976986,0.0004451595947614844,0.00013889148879463748,0.0009284573578379036,0.00027853587005461153
39.73288814691152,0.0011425441654327043,0.0004579779990246081,0.0006887298096085944,0.00014773287025251605,0.001060628843519543,0.00014100788343673757
39.81636060100167,0.0015731212001825706,0.0002477584559858997,0.0008030161644249415,0.0004233622521376052,0.00029362256451777503,0.00048668401382897874
39.89983305509182,0.0021955548778748,0.0004958066207564905,0.0018981109711081934,0.00038791521925228426,0.0017055460104669893,0.00037401437331232543
39.98330550918197,0.002327843348062827,0.0002793243031982482,0.0012974697072705161,0.00014561372735844068,0.0011785552218967121,7.760582236439667e-05
40.066777963272116,0.0026191443712404016,0.0005322004228803912,0.0016485778820788414,0.00030907113438375424,0.002057688738991557,0.00036316308411210677
40.15025041736227,0.002991279363276255,0.000667387059664886,0.0020556156694155636,0.00019459076943783516,0.002259166255963759,0.0008883728988305803
40.23372287145242,0.0023432378524610715,0.0004998617855264105,0.0018327751909018373,0.00037676278117998457,0.0035466133920688883,0.0005613030848641139
40.31719532554257,0.0022316795369493074,9.430319609797416e-05,0.0019269722879115797,0.00025097323071129234,0.0025083104052868754,0.0005455065579717589
40.40066777963272,0.0027232937704827938,0.00040839082774096584,0.0019357790252361026,0.0002439548769764433,0.0022562460394603373,0.0004047540574156533
40.48414023372287,0.0010472288968001592,0.000581247765782814,0.0011880964151157465,6.140045581652512e-05,0.001558233431251998,0.00030887388803430704
40.567612687813025,0.0008688846681994886,0.00012518117479353135,0.0016091766958992722,0.0002791058932838667,0.0009902747137894299,0.0005575037594063504
40.651085141903174,0.001070797133794871,0.0002951913102137188,0.0005347116944573612,0.00018732950333232097,0.0020029408429118665,0.000449281424134857
40.73455759599332,0.0012907362818200558,0.0002576883212235203,0.0009939223621857134,0.00010826184911264653,0.001904687167966778,0.0007471791280750978
40.81803005008347,0.0013971267792264755,0.00012227061462115587,0.0010889820111733266,0.00018373227726384324,0.002075282213526205,0.00010668893946789441
40.90150250417362,0.0009326112554931997,0.00021014578857324968,0.0010240203300933997,0.0003494254886666929,0.0018253613006406276,0.0007893435324852652
40.98497495826377,0.0004346358461200058,7.082209398542962e-05,0.0002993216503733149,0.0006556185760701016,0.0010631184389234293,0.0005422887573064342
41.068447412353926,0.0010961830868431446,0.00016289473067627035,0.0005280413211260845,0.0002829901819497208,0.0008939471939676663,0.00044112620738867645
41.151919866444075,0.0007891585715900272,0.0003440820710466042,0.00039437433247443445,0.0003826378369223099,0.0009883924319948818,0.00043477329152701645
41.235392320534224,0.001485765055483727,0.0004077496053477535,0.0008704509047384387,0.0003340400593112481,0.0015704665390050992,0.0001235101668845976
41.31886477462437,0.001969478323865064,0.000541669818609429,0.00023005270320707136,0.00016799992548932916,0.00115621020200493,0.0008494722673611396
41.40233722871452,0.001003957906328433,0.0004270304859769978,0.0009582505071120843,0.00025455366565900846,0.0012957267424208736,0.0004108537702563425
41.48580968280467,0.0011807372989250224,0.00033497953036501596,0.0007883717830266486,0.000332428940239026,0.0003025206948978814,0.0007047791143402431
41.56928213689483,0.0015699130664485954,0.00032974736027342695,0.0004837321742663073,0.00032190753227321635,0.001118463307514188,0.0004915066356911867
41.652754590984976,0.0012946424710312554,0.00047327032566899224,0.0008863362801156115,0.00037391906683001966,0.0009339515556195621,0.000311553330316091
41.736227045075125,0.0012159456953289326,0.0004148776024878297,0.0005967237004757965,0.0002643588648079278,0.0003247984153438973,0.00013211861422046838
41.819699499165274,0.0010396677085229334,0.0001974246479976808,0.000982076033856626,0.00013094444318097626,0.000936104242938586,0.00013109172727080527
41.90317195325542,0.0016863678500476625,0.0002978549105283437,0.0004052541572415608,0.00037686070554242474,0.0004967292440503215,0.00030090001986636213
41.98664440734557,0.0006927624390039534,3.4187678600212755e-05,0.0009804930900949695,0.0002016975826631004,0.0008097815483012515,0.0002246254811862256
42.07011686143573,0.00046240046496977115,0.0003450815640851866,0.0006801208649008041,0.00026644097178432315,0.00039582094238004267,0.00028443057064416697
42.15358931552588,0.001361160406214205,0.0003157091115806501,0.00042207861714440285,0.0004425140336475162,0.00031958158229840225,7.830347725252226e-05
42.23706176961603,0.0012065723224065625,0.0003890060972933701,7.9622714692314e-05,0.0001292814416923012,0.00025337179385401606,0.00032125574921514224
42.320534223706176,0.0002718772013576055,0.00025776021786592305,0.00014114450337386657,0.00027896573042584106,0.0008094994626397158,0.00030135171916089365
42.404006677796325,0.0010180184584188772,0.00019999915850189625,0.000250431947297945,0.00015788104525131644,0.0005013177661401452,0.00026499238312803963
42.487479131886474,0.001227335339446667,0.00019948174208071607,0.0005938546808775583,0.00017869257469388175,0.000839071905160044,0.00011802260489317424
42.57095158597663,0.0006040315518985931,0.00036570997457153527,0.00029649929621379365,0.00032426949729971825,0.000774128001270311,0.00020150583759919586
42.65442404006678,0.002054722188652249,0.0005860047791905152,0.0005972922214009011,0.000453622686915953,0.0011462430680216614,0.00021523406068920035
42.73789649415693,0.0007935529167857837,0.00027903273259995864,0.00018235504633821336,0.00032122871169075565,0.0008045038354883409,0.00040998332096294757
42.82136894824708,0.0015559509910451587,0.00016142240125237032,0.000283748593085996,0.0004921546525955186,0.000589256939320813,0.000474549783636537
42.904841402337226,0.0015118131718491285,0.0004655905028957776,9.664263068890017e-05,0.0004474676159665572,0.0008540041429706109,0.00021045887154031896
42.98831385642738,0.00028641627963584443,0.0003721431406926031,0.0004238424010924308,0.0004316758332072937,0.0009545179513061014,0.0006375880206842281
43.07178631051753,0.0016098003484075188,0.0004355271485167456,0.0007448678549241599,0.00032065198996296813,0.0013885978725077142,0.00036308934295173573
43.15525876460768,0.0010965765287424066,0.0002064317185988531,0.00039956470159480605,0.0003842437145801348,6.275559484576102e-05,0.0003930522745647238
43.23873121869783,0.0012243346399314866,0.0004912672146671701,0.00022786192799349004,8.820787924499688e-05,0.0010738132322833775,0.0007202553881585585
43.32220367278798,0.0010488938733363372,0.0002694638589082534,0.00032935057753926246,9.238035463784491e-05,0.0014905869345507206,0.0004316091544027619
43.40567612687813,0.0009971820530356788,0.0009425726405329513,0.0004983029213939481,0.0005054818848078397,0.0006779708889226061,0.0006037276996845658
43.48914858096828,0.001637987102008926,0.00041129334233621544,0.000868699250436078,0.00020454028666440008,0.002316718652384842,0.0012416269065286098
43.57262103505843,0.000600787116390395,0.0002583518150827104,0.0007541481933327219,0.00045110530927031393,0.0011025278762652941,0.0005840872052815914
43.65609348914858,0.0016819836578758705,0.00036324220633510016,0.0008706078478679742,0.0002410429108853143,0.003016777337006195,0.0005295775135861586
43.73956594323873,0.0003485397783808798,0.0005876752687737368,0.000818353642823466,0.00022833193626389749,0.0006483831653014536,0.0002525854734768677
43.82303839732888,0.002973679384450476,0.00027561371570416024,0.000907171033288114,0.00034302554958175874,0.002240054926063505,0.00038851477800713643
43.90651085141903,0.001268659941851184,0.0005047976472541934,0.0004159313354141422,0.000732960640674362,0.0010686888527707784,0.0006567582591014497
43.989983305509185,0.002380124177731498,0.000583839116182588,0.00041119636664002635,0.00019952238669636792,0.002424816791440512,0.00048416385111132944
44.073455759599334,0.0011732731170853862,0.0009056066981265973,0.0006183128989414272,0.000680928527883685,0.0009826669148404726,0.0012075503140893122
44.15692821368948,0.0018011504913190107,0.0003960635782418534,0.0010617564386684465,0.00016529951997717196,0.0023332055258675545,0.0005538941328256713
44.24040066777963,0.0010910741270140371,0.00018655513778693443,0.0005075578113399366,0.00024111386514214528,0.0013146947853425314,0.0003420722380049508
44.32387312186978,0.0015117242046194842,0.0005351561896252396,0.00047372203687089624,0.00031546073537300006,0.002374141962333653,0.0012266543284841014
44.40734557595993,0.000769077484886165,0.00036710673678625025,0.000226526465394649,0.0002101098728361328,0.00022306921454712337,0.0006480380124834395
44.490818030050086,0.0017314522162716378,0.0005967632966384751,0.001050110145747835,0.0004503305185803197,0.0021388618765580004,0.0007265606563770009
44.574290484140235,0.00019820493233856974,0.0004350016818911247,0.0008161162296065868,8.79933562073946e-05,0.0006959124432292936,0.0002370714913913053
44.657762938230384,0.0020053307907702315,0.00042991958068700127,0.0006893876825058029,0.0008549332355901936,0.001955608082311832,0.0013330378732229389
44.74123539232053,0.0004417423483601382,3.526228442106927e-05,0.0003769555412787081,0.00034978205774483976,0.0015519387857700954,0.0005554282422836564
44.82470784641068,0.001741576657944924,0.0003975006598631768,0.0003412028978655738,0.00032308268509150705,0.0010083930771401597,0.000393855924632295
44.90818030050083,0.0010856806301312446,0.0003296506986970592,0.0012351849149615218,0.00047542198531252684,0.001863701647707236,0.00025208505196306204
44.99165275459099,0.0022983555167310266,0.0005067967043374747,0.0007610640410506857,0.00014308626618018573,0.0012719045354892694,0.0004940930490354699
45.075125208681136,0.0005796859915740878,7.281122629577723e-05,0.0007618299956069684,9.814170286420355e-05,0.0012160616815617745,0.00034435972449925657
45.158597662771285,0.0021115453509351614,0.00018108027485973742,0.00042540772554705043,0.0003867067102656228,0.0014113097886853147,0.00029111177513850377
45.242070116861434,0.0012248478142466808,0.0005553627329364303,0.0009700040448049727,0.0004902616065120371,0.0006475624510630281,5.529215236494104e-05
45.32554257095158,0.0016155167918638106,0.00032439465768147383,0.0009041682445103313,0.0006657207482554198,0.0009108414724805239,0.0007561210683104834
45.40901502504174,0.000883560187501067,0.00018860085959419747,0.0006445052052195314,0.0002980393754935227,0.0007628585989788037,0.0007650341005569728
45.49248747913189,0.0008027273834260673,0.00029379697734163447,0.0004978327750594152,0.00046445677279672464,0.0012931729549939006,0.0008882005432082384
45.57595993322204,0.00039280028034496795,0.0003590156000331737,0.0008465805996524302,0.00022600734852944222,0.0006970147942832078,0.0011388549767679336
45.65943238731219,0.0005007615516316343,0.00047864873331652597,0.0007586404363413216,6.431286247560579e-05,0.0008359761556237071,0.0009989853932858416
45.742904841402336,0.0005315125734607246,0.0005766896987352012,0.00034948808529762873,0.0002651983816757824,0.00021017104596500008,0.0011158380212217239
45.826377295492485,0.00013740656699314462,0.00036068886022978336,0.0005159345464890983,0.00014801596846604197,0.001239196751131827,0.0018134768363265578
45.90984974958264,0.0006750338335648569,0.00022872603171295223,0.0005070180158785167,0.00022929251949720908,0.0013627508761658062,0.001284683058120026
45.99332220367279,0.00014875362140046836,0.0002296082727711451,0.0010118041964316644,0.00032370324152603686,0.0012698905969569262,0.0009869427236375873
46.07679465776294,0.0005406432837504274,0.00023073397935687953,0.0006015774145449333,0.0005680203805067225,0.001736587109444571,0.0009840624977210098
46.16026711185309,0.0009003155483518327,0.0002122728426774237,0.0005731522362307371,0.00046310042965362955,0.0016090903629484158,0.00047823239273553163
46.24373956594324,0.0003400500791956344,0.0003512446779790168,0.001106810948155278,0.0004331814354871901,0.0008434564362134426,0.00012046327863460653
46.327212020033386,0.0008604188179614597,0.0009248446820487757,0.0007310346276942991,0.0008153545471299104,0.001371323462910071,0.0007766037505936585
46.41068447412354,0.000753316687418561,0.0009072238607871038,0.00045439523787217537,0.000639678042211533,0.0025260305993486053,0.001135794053999345
46.49415692821369,0.0008588756378225597,0.0003010846718174872,0.0007469664813650293,0.0001291584501342617,0.001662809954008743,0.001020910981313967
46.57762938230384,0.0007671785614601555,0.0002884665476988817,0.0005349659326522372,0.0006044776272403057,0.0024874009405293626,0.0014765130116252867
46.66110183639399,0.0007472709549191764,0.0006762458402883848,0.0005674347785446523,0.0007776032126131577,0.0020349889532026715,0.0008667900586398398
46.74457429048414,0.0006480415114007073,0.0006413722148966948,0.0010053302751988082,0.0005169426744353561,0.0033648690549867434,0.0002120264869623674
46.82804674457429,0.000666034568310757,0.0005425895095052116,0.000940667350368221,0.0007151851530511442,0.0019844417440600015,0.00034234204345157283
46.91151919866444,0.0009582493357120557,0.0006920100492596021,0.0013225399266491003,0.0005994873690889948,0.002907517329060505,0.0009298218898932625
46.99499165275459,0.00034118269672606214,0.0001483578134015007,0.001665575411913848,0.000709045854111396,0.0018347448833287527,0.0010384712346686966
47.07846410684474,0.0007797608534357739,0.000479450173315069,0.0015922784978719504,0.0006692626364585414,0.0012596202998987427,0.001091591010279098
47.16193656093489,0.0007677853941637159,0.0006573004002359917,0.001220030264360809,0.0010974219575479536,0.002198198540087402,0.0010929707454435825
47.24540901502504,0.0006265506656724715,0.000673811191485408,0.0006308682128716541,0.0005081158414444689,0.0013004697229003204,0.000908235286627025
47.32888146911519,0.0006369892912508776,0.0008791988555764507,0.001039642556944478,0.0016358312374580924,0.0018735189077128916,0.0017242836848638025
47.412353923205345,9.715094052162761e-05,0.0004431937293413341,0.0007323471113995757,0.0006716178154017996,0.002061080042302967,0.0006922138025208925
47.495826377295494,0.0004886270604066636,0.0005671635149866173,0.00038060225464200915,0.0005658341015791513,0.002112498237477009,0.0003774003831854427
47.57929883138564,0.0006548115684996236,5.0074536964054596e-05,0.0005325402530578426,0.00021044517306533108,0.002857651937659437,0.00017125920429521984
47.66277128547579,0.00045278424813438394,0.0003258408589316949,0.00030296863641134135,0.00048516317063974814,0.0016153784680864897,0.0007760543046254619
47.74624373956594,0.0001278965104844218,0.0004938665171452025,0.00041884463926751493,0.0002746204220504485,0.0023525591071496864,0.00018086043681683775
47.82971619365609,0.0001992637068884652,0.00026211427544415097,0.0003680237980983375,0.000334735463965575,0.0012666424677631695,0.0006176039750259839
47.913188647746246,0.00043781216075744657,0.00022425843688414355,0.0005339647059921216,0.0003448872388335495,0.000878932209218863,0.0003105920650193015
47.996661101836395,6.88049982955962e-05,0.00021905852690686002,0.0003991193249142624,0.0003988628195470928,0.0007476716388104013,0.0002521888839009147
48.080133555926544,6.865048930525264e-05,6.481454382847197e-05,0.0003385653198725263,0.00013214102270674152,0.0007606265812590333,0.0003646873187828626
48.16360601001669,0.00022061201034273247,0.00015048765455323077,0.0003217016286698816,7.00802534909418e-05,0.00023580079240131165,0.0001647044717487376
48.24707846410684,9.794720769822768e-05,0.00011167656824544913,0.00018883102086404143,0.0001806836126133258,0.00022009649242485466,3.8893659252877246e-05
48.330550918197,0.00022791441121253832,5.598504608124075e-05,0.00043908682500882915,3.7504956442330316e-05,0.00013020774071778845,9.057837912010158e-05
48.41402337228715,0.00010010254454330838,3.1915654755770905e-05,0.00038017874544258516,7.424125156078201e-05,0.0001359100295891012,4.69459240174697e-05
48.497495826377296,4.0456709927649775e-05,3.9464945571529307e-05,0.0002989072453161033,9.298992370238621e-05,9.852306027492637e-05,2.4176339815519006e-05
48.580968280467445,4.271242606513531e-05,2.0092490319067513e-05,0.0003985959096298921,6.68261199251458e-05,0.00022289098720732408,2.733825363231853e-05
48.664440734557594,3.271469196412527e-05,3.821514722606185e-05,0.00031688659553684955,3.3602360335404657e-05,0.00016103591188424383,1.2824457722894238e-05
48.74791318864774,4.4603229720674205e-05,3.378290918133255e-06,0.00037093944705640246,3.114268786225958e-05,0.00018363244560551509,1.1620225024228803e-05
48.8313856427379,4.2106724537295794e-05,1.5557301048041375e-05,0.00032934264108081744,7.412249779671123e-05,0.00013781798071177187,1.715417756466563e-05
48.91485809682805,0.0001011541146262815,2.644947448175426e-05,0.0003145977128038385,7.50532565654738e-05,0.0001704171479166378,5.519830665502988e-05
48.9983305509182,8.02856175749428e-05,2.614028150192006e-05,0.0003315519577835864,3.851341011175853e-05,8.8520977758728e-05,2.208118323163136e-05
49.08180300500835,8.105267503948881e-05,2.3049194162122492e-05,0.0002920321600897488,2.5737812043148782e-05,0.00010519015597474866,3.361638717845899e-05
49.165275459098496,8.736251914335968e-05,3.26339528553673e-05,0.0002849089983604529,2.56128150780366e-05,9.984499743649634e-05,3.125356263134817e-05
49.248747913188645,2.5779602144613063e-05,1.542865084037262e-05,0.00027699412329905334,4.720199594482266e-05,6.477879152007856e-05,4.665465110922959e-05
49.3322203672788,8.310548429343534e-05,2.435403533947345e-05,0.0002528415818050388,1.95935139547425e-05,5.337442037222284e-05,2.94916771614822e-05
49.41569282136895,7.737252126436758e-05,1.6356385111872385e-05,0.0002750384294097796,5.156785909325595e-05,0.0001074393600310075,1.1957569777468153e-05
49.4991652754591,0.00014011874353666518,2.111893479097576e-05,0.0003016079990535147,8.18093620563535e-05,0.00011809925927652013,3.5519523649835844e-05
49.58263772954925,9.321005317127417e-05,3.562738054579502e-05,0.0002775134142775857,4.966548630529388e-05,7.416709277076025e-05,3.746397583299478e-05
49.6661101836394,8.170511209528067e-05,1.387419954784818e-05,0.0003003508079781023,5.0911291711419866e-05,9.330901875081611e-05,2.5490536448324772e-05
49.749582637729546,8.484983390144144e-05,3.175359042069322e-05,0.0002827436397168067,2.2745337196313013e-05,9.849128721854673e-05,3.598558587397563e-05
49.8330550918197,7.762604337814448e-05,7.06526588820631e-06,0.00026724065391491486,3.0134075743527847e-05,4.3867402427650975e-05,1.1205660378694184e-05
49.91652754590985,7.757907725034488e-05,3.405397109724007e-05,0.0002776313914427794,5.453327428760766e-05,6.414021684251885e-05,1.6180354575542604e-05
50.0,2.5197183408642724e-05,5.545911697992803e-05,0.0002961401661046744,6.849210119861487e-05,4.890487599351911e-05,2.220873271426978e-05
